{"name":"JUNA","tagline":"A JAVA  based Lua Interpreter","body":"### About JUNA\r\n    \r\n> A team effort of students for two weeks. Juna is free software, published under the terms of the GNU General Public License V3. Packages used in Juna are\r\n\r\n* JFLEX - used for scanning the program. [Download Manual](http://www-inst.eecs.berkeley.edu/~cs164/sp08/docs/jflex/manual.pdf). Licensed by GNU General Public License.\r\n* Java CUP Parser - used for parsing the program. [More about CUP parser](http://www2.cs.tum.edu/projects/cup/) .This is an open source license. It is also GPL-Compatible\r\n* [JLine] (Java library for handling console input.) - used for handling the console input. JLine is distributed under the BSD license. \r\n### Getting Started\r\n#### *Build Instructions*\r\n#### *Interactive/Batch Mode*\r\n \r\n\r\n\r\n### Support or Contact\r\nHaving trouble with Pages? Check out the documentation at http://help.github.com/pages or contact support@github.com and we’ll help you sort it out.","google":"","note":"Don't delete this file! It's used internally to help with page regeneration."}